espn_rank,name,pos,pos_tag,team,auction_value,bye
1,Jahmyr Gibbs,RB,RB1,DET,57,6
2,Bijan Robinson,RB,RB2,ATL,56,11
3,Ja'Marr Chase,WR,WR1,CIN,56,6
4,Puka Nacua,WR,WR2,LAR,55,11
5,Jonathan Taylor,RB,RB3,IND,54,13
6,Jaxon Smith-Njigba,WR,WR3,SEA,53,11
7,Christian McCaffrey,RB,RB4,SF,52,8
8,Amon-Ra St. Brown,WR,WR4,DET,52,6
9,James Cook III,RB,RB5,BUF,51,7
10,CeeDee Lamb,WR,WR5,DAL,50,14
11,Justin Jefferson,WR,WR6,MIN,48,6
12,De'Von Achane,RB,RB6,MIA,46,6
13,Omarion Hampton,RB,RB7,LAC,45,7
14,Chase Brown,RB,RB8,CIN,43,6
15,Saquon Barkley,RB,RB9,PHI,42,10
16,Derrick Henry,RB,RB10,BAL,40,13
17,Ashton Jeanty,RB,RB11,LV,38,13
18,Drake London,WR,WR7,ATL,37,11
19,Jeremiyah Love,RB,RB12,ARI,36,14
20,A.J. Brown,WR,WR8,NE,35,11
21,Trey McBride,TE,TE1,ARI,34,14
22,Brock Bowers,TE,TE2,LV,33,13
23,Nico Collins,WR,WR9,HOU,32,8
24,Chris Olave,WR,WR10,NO,32,8
25,Rashee Rice,WR,WR11,KC,31,5
26,Josh Allen,QB,QB1,BUF,30,7
27,George Pickens,WR,WR12,DAL,30,14
28,Kenneth Walker III,RB,RB13,KC,29,5
29,Garrett Wilson,WR,WR13,NYJ,28,13
30,Breece Hall,RB,RB14,NYJ,27,13
31,Javonte Williams,RB,RB15,DAL,26,14
32,Kyren Williams,RB,RB16,LAR,25,11
33,Malik Nabers,WR,WR14,NYG,24,8
34,DeVonta Smith,WR,WR15,PHI,23,10
35,Travis Etienne Jr.,RB,RB17,NO,22,8
36,Tetairoa McMillan,WR,WR16,CAR,22,5
37,Zay Flowers,WR,WR17,BAL,22,13
38,Emeka Egbuka,WR,WR18,TB,21,10
39,Quinshon Judkins,RB,RB18,CLE,21,11
40,Ladd McConkey,WR,WR19,LAC,20,7
41,Tee Higgins,WR,WR20,CIN,19,6
42,Colston Loveland,TE,TE3,CHI,19,10
43,Lamar Jackson,QB,QB2,BAL,18,13
44,Davante Adams,WR,WR21,LAR,17,11
45,Cam Skattebo,RB,RB19,NYG,17,8
46,D'Andre Swift,RB,RB20,CHI,15,10
47,Bhayshul Tuten,RB,RB21,JAC,15,7
48,Jaylen Waddle,WR,WR22,DEN,14,10
49,Bucky Irving,RB,RB22,TB,13,10
50,Terry McLaurin,WR,WR23,WAS,13,7
51,DJ Moore,WR,WR24,BUF,12,7
52,Tyler Warren,TE,TE4,IND,11,13
53,Jameson Williams,WR,WR25,DET,11,6
54,Rome Odunze,WR,WR26,CHI,10,10
55,Jayden Daniels,QB,QB3,WAS,10,7
56,Drake Maye,QB,QB4,NE,10,11
57,David Montgomery,RB,RB23,HOU,10,8
58,Jadarian Price,RB,RB24,SEA,9,11
59,Luther Burden III,WR,WR27,CHI,9,10
60,TreVeyon Henderson,RB,RB25,NE,9,11
61,Carnell Tate,WR,WR28,TEN,8,9
62,Mike Evans,WR,WR29,SF,8,8
63,Marvin Harrison Jr.,WR,WR30,ARI,8,14
64,Joe Burrow,QB,QB5,CIN,7,6
65,Rhamondre Stevenson,RB,RB26,NE,7,11
66,Jalen Hurts,QB,QB6,PHI,7,10
67,Michael Pittman Jr.,WR,WR31,PIT,7,9
68,Tony Pollard,RB,RB27,TEN,6,9
69,Harold Fannin Jr.,TE,TE5,CLE,6,11
70,Kyle Pitts Sr.,TE,TE6,ATL,6,11
71,DK Metcalf,WR,WR32,PIT,6,9
72,George Kittle,TE,TE7,SF,6,8
73,Courtland Sutton,WR,WR33,DEN,6,10
74,Christian Watson,WR,WR34,GB,5,11
75,Dak Prescott,QB,QB7,DAL,5,14
76,Parker Washington,WR,WR35,JAC,5,7
77,Jaylen Warren,RB,RB28,PIT,5,9
78,Sam LaPorta,TE,TE8,DET,4,6
79,Kenny Gainwell,RB,RB29,TB,4,10
80,Jaxson Dart,QB,QB8,NYG,4,8
81,Josh Jacobs,RB,RB30,GB,4,11
82,Wan'Dale Robinson,WR,WR36,TEN,4,9
83,Jonathon Brooks,RB,RB31,CAR,4,5
84,Justin Herbert,QB,QB9,LAC,4,7
85,Michael Wilson,WR,WR37,ARI,4,14
86,MarShawn Lloyd,RB,RB32,GB,4,11
87,Caleb Williams,QB,QB10,CHI,3,10
88,Rico Dowdle,RB,RB33,PIT,3,9
89,Stefon Diggs,WR,WR38,WAS,3,7
90,Alec Pierce,WR,WR39,IND,3,13
91,Tucker Kraft,TE,TE9,GB,3,11
92,Chuba Hubbard,RB,RB34,CAR,3,5
93,Jakobi Meyers,WR,WR40,JAC,3,7
94,Trevor Lawrence,QB,QB11,JAC,3,7
95,Aaron Jones Sr.,RB,RB35,MIN,3,6
96,Brian Thomas Jr.,WR,WR41,JAC,2,7
97,Brandon Aubrey,K,K1,DAL,1,14
98,Brock Purdy,QB,QB12,SF,2,8
99,Rachaad White,RB,RB36,WAS,2,7
100,J.K. Dobbins,RB,RB37,DEN,2,10
101,Kyle Monangai,RB,RB38,CHI,2,10
102,Travis Kelce,TE,TE10,KC,2,5
103,Matthew Golden,WR,WR42,GB,2,11
104,Chris Godwin Jr.,WR,WR43,TB,2,10
105,Jordan Addison,WR,WR44,MIN,2,6
106,Josh Downs,WR,WR45,IND,2,13
107,Dallas Goedert,TE,TE11,PHI,2,10
108,RJ Harvey,RB,RB39,DEN,2,10
109,Patrick Mahomes,QB,QB13,KC,2,5
110,Khalil Shakir,WR,WR46,BUF,2,7
111,Blake Corum,RB,RB40,LAR,2,11
112,Bo Nix,QB,QB14,DEN,2,10
113,Matthew Stafford,QB,QB15,LAR,2,11
114,Jake Ferguson,TE,TE12,DAL,2,14
115,Makai Lemon,WR,WR47,PHI,2,10
116,Isaiah Likely,TE,TE13,NYG,2,8
117,Quentin Johnston,WR,WR48,LAC,2,7
118,Jacory Croskey-Merritt,RB,RB41,WAS,2,7
119,Jayden Reed,WR,WR49,GB,2,11
120,Mark Andrews,TE,TE14,BAL,2,13
121,De'Zhaun Stribling,WR,WR50,SF,1,8
122,Kyler Murray,QB,QB16,MIN,1,6
123,Xavier Worthy,WR,WR51,KC,1,5
124,Romeo Doubs,WR,WR52,NE,1,11
125,Jalen Coker,WR,WR53,CAR,1,5
126,Dalton Kincaid,TE,TE15,BUF,1,7
127,Tyjae Spears,RB,RB42,TEN,1,9
128,Cameron Dicker,K,K2,LAC,1,7
129,Tyler Shough,QB,QB17,NO,1,8
130,Jordan Mason,RB,RB43,MIN,1,6
131,Deebo Samuel Sr.,WR,WR54,SF,1,8
132,Jared Goff,QB,QB18,DET,1,6
133,Woody Marks,RB,RB44,HOU,1,8
134,Jason Myers,K,K3,SEA,1,11
135,KC Concepcion,WR,WR55,CLE,1,11
136,Jalen McMillan,WR,WR56,TB,1,10
137,Tank Dell,WR,WR57,HOU,1,8
138,Texans D/ST,DST,DST1,HOU,1,8
139,Zach Charbonnet,RB,RB45,SEA,1,11
140,Broncos D/ST,DST,DST2,DEN,1,10
141,Jonah Coleman,RB,RB46,DEN,0,10
142,Baker Mayfield,QB,QB19,TB,0,10
143,Ka'imi Fairbairn,K,K4,HOU,1,8
144,Isiah Pacheco,RB,RB47,DET,0,6
145,Chris Rodriguez Jr.,RB,RB48,JAC,0,7
146,Harrison Mevis,K,K5,LAR,1,11
147,Daniel Jones,QB,QB20,IND,0,13
148,Juwan Johnson,TE,TE16,NO,0,8
149,Alvin Kamara,RB,RB49,NO,0,8
150,Tyler Allgeier,RB,RB50,ARI,0,14
151,Mike Washington Jr.,RB,RB51,LV,0,13
152,Dylan Sampson,RB,RB52,CLE,0,11
153,Hunter Henry,TE,TE17,NE,0,11
154,T.J. Hockenson,TE,TE18,MIN,0,6
155,Keaton Mitchell,RB,RB53,LAC,0,7
156,Keenan Allen,WR,WR58,IND,0,13
157,Samaje Perine,RB,RB54,CIN,0,6
158,Eddy Pineiro,K,K6,SF,1,8
159,Jordan Love,QB,QB21,GB,0,11
160,Brian Robinson Jr.,RB,RB55,ATL,0,11
161,Terrance Ferguson,TE,TE19,LAR,0,11
162,Rashid Shaheed,WR,WR59,SEA,0,11
163,Denzel Boston,WR,WR60,CLE,0,11
164,Jerry Jeudy,WR,WR61,CLE,0,11
165,Calvin Ridley,WR,WR62,TEN,0,9
166,Adonai Mitchell,WR,WR63,NYJ,0,13
167,Travis Hunter,WR,WR64,JAC,0,7
168,Caleb Douglas,WR,WR65,MIA,0,6
169,Malik Willis,QB,QB22,MIA,0,6
170,Jordyn Tyson,WR,WR66,NO,0,8
171,Tre Tucker,WR,WR67,LV,0,13
172,Jalen Nailor,WR,WR68,LV,0,13
173,Braelon Allen,RB,RB56,NYJ,0,13
174,Tank Bigsby,RB,RB57,PHI,0,10
175,Kenyon Sadiq,TE,TE20,NYJ,0,13
176,Rashod Bateman,WR,WR69,BAL,0,13
177,Dontayvion Wicks,WR,WR70,PHI,0,10
178,Devaughn Vele,WR,WR71,NO,0,8
179,Jaylin Noel,WR,WR72,HOU,0,8
180,Ray Davis,RB,RB58,BUF,0,7
181,Najee Harris,RB,RB59,NYG,0,8
182,Steelers D/ST,DST,DST3,PIT,1,9
183,Seahawks D/ST,DST,DST4,SEA,1,11
184,Rams D/ST,DST,DST5,LAR,1,11
185,Ravens D/ST,DST,DST6,BAL,1,13
186,Eagles D/ST,DST,DST7,PHI,1,10
187,Browns D/ST,DST,DST8,CLE,1,11
188,Patriots D/ST,DST,DST9,NE,1,11
189,Lions D/ST,DST,DST10,DET,1,6
190,Chiefs D/ST,DST,DST11,KC,0,5
191,Chargers D/ST,DST,DST12,LAC,0,7
192,Harrison Butker,K,K7,KC,1,5
193,Cam Little,K,K8,JAC,1,7
194,Jake Bates,K,K9,DET,1,6
195,Tyler Loop,K,K10,BAL,1,13
196,Cairo Santos,K,K11,CHI,0,10
197,Will Reichard,K,K12,MIN,0,6
198,Brenton Strange,TE,TE21,JAC,0,7
199,Justice Hill,RB,RB60,BAL,0,13
200,Kaelon Black,RB,RB61,SF,0,8
201,Ja'Kobi Lane,WR,WR73,BAL,0,13
202,C.J. Stroud,QB,QB23,HOU,0,8
203,Sam Darnold,QB,QB24,SEA,0,11
204,Jauan Jennings,WR,WR74,MIN,0,6
205,Malachi Fields,WR,WR75,NYG,0,8
206,Germie Bernard,WR,WR76,PIT,0,9
207,Tre Harris,WR,WR77,LAC,0,7
208,Ryan Flournoy,WR,WR78,DAL,0,14
209,Pat Freiermuth,TE,TE22,PIT,0,9
210,Dalton Schultz,TE,TE23,HOU,0,8
211,Zachariah Branch,WR,WR79,ATL,0,11
212,Omar Cooper Jr.,WR,WR80,NYJ,0,13
213,Kayshon Boutte,WR,WR81,HOU,0,8
214,Malik Washington,WR,WR82,MIA,0,6
215,Kimani Vidal,RB,RB62,LAC,0,7
216,Jaylen Wright,RB,RB63,MIA,0,6
217,Ollie Gordon II,RB,RB64,MIA,0,6
218,Gunnar Helm,TE,TE24,TEN,0,9
219,Chig Okonkwo,TE,TE25,WAS,0,7
220,AJ Barner,TE,TE26,SEA,0,11
221,Bryce Young,QB,QB25,CAR,0,5
222,Cam Ward,QB,QB26,TEN,0,9
223,Jacoby Brissett,QB,QB27,ARI,0,14
224,Ty Johnson,RB,RB65,BUF,0,7
225,Chris Brooks,RB,RB66,GB,0,11
226,Cooper Kupp,WR,WR83,SEA,0,11
227,Brashard Smith,RB,RB67,KC,0,5
228,Malik Davis,RB,RB68,DAL,0,14
229,Xavier Legette,WR,WR84,CAR,0,5
230,Jahan Dotson,WR,WR85,ATL,0,11
231,Xavier Hutchinson,WR,WR86,HOU,0,8
232,Jalen Tolbert,WR,WR87,MIA,0,6
233,Chris Bell,WR,WR88,MIA,0,6
234,DeMario Douglas,WR,WR89,NE,0,11
235,Darius Slayton,WR,WR90,NYG,0,8
236,Antonio Williams,WR,WR91,WAS,0,7
237,Buccaneers D/ST,DST,DST13,TB,0,10
238,Packers D/ST,DST,DST14,GB,0,11
239,Chris Boswell,K,K13,PIT,0,9
240,Chase McLaughlin,K,K14,TB,0,10
241,Emmett Johnson,RB,RB69,KC,0,5
242,Isaiah Davis,RB,RB70,NYJ,0,13
243,Jacob Saylors,RB,RB71,DET,0,6
244,LeQuint Allen,RB,RB72,JAC,0,7
245,George Holani,RB,RB73,SEA,0,11
246,Tyrone Tracy Jr.,RB,RB74,NYG,0,8
247,Sean Tucker,RB,RB75,TB,0,10
248,Seth McGowan,RB,RB76,IND,0,13
249,Jordan James,RB,RB77,SF,0,8
250,Will Shipley,RB,RB78,PHI,0,10
251,Emanuel Wilson,RB,RB79,SEA,0,11
252,Emari Demercado,RB,RB80,DAL,0,14
253,Tyquan Thornton,WR,WR92,KC,0,5
254,Keon Coleman,WR,WR93,BUF,0,7
255,Jaguars D/ST,DST,DST15,JAC,0,7
256,Saints D/ST,DST,DST16,NO,0,8
257,Evan McPherson,K,K15,CIN,0,6
258,Nick Folk,K,K16,ATL,0,11
259,Greg Dulcich,TE,TE27,MIA,0,6
260,Darren Waller,TE,TE28,CAR,0,5
261,Cade Otton,TE,TE29,TB,0,10
262,Isaac TeSlaa,WR,WR94,DET,0,6
263,Pat Bryant,WR,WR95,DEN,0,10
264,Marvin Mims Jr.,WR,WR96,DEN,0,10
265,Andrei Iosivas,WR,WR97,CIN,0,6
266,Kaleb Johnson,RB,RB81,GB,0,11
267,Nicholas Singleton,RB,RB82,TEN,0,9
268,Geno Smith,QB,QB28,NYJ,0,13
269,Fernando Mendoza,QB,QB29,LV,0,13
270,Aaron Rodgers,QB,QB30,PIT,0,9
271,Deshaun Watson,QB,QB31,CLE,0,11
272,Kevin Coleman Jr.,WR,WR98,MIA,0,6
273,KaVontae Turpin,WR,WR99,DAL,0,14
274,Jack Bech,WR,WR100,LV,0,13
275,Tory Horton,WR,WR101,SEA,0,11
276,Kendre Miller,RB,RB83,NO,0,8
277,Tahj Brooks,RB,RB84,CIN,0,6
278,Demond Claiborne,RB,RB85,MIN,0,6
279,Rasheen Ali,RB,RB86,BAL,0,13
280,Kaytron Allen,RB,RB87,WAS,0,7
281,DJ Giddens,RB,RB88,IND,0,13
282,Sione Vaki,RB,RB89,DET,0,6
283,Kene Nwangwu,RB,RB90,NYJ,0,13
284,Ted Hurst,WR,WR102,TB,0,10
285,Jets D/ST,DST,DST17,NYJ,0,13
286,49ers D/ST,DST,DST18,SF,0,8
287,Trey Smack,K,K17,GB,0,11
288,Spencer Shrader,K,K18,IND,0,13
289,Evan Engram,TE,TE30,DEN,0,10
290,David Njoku,TE,TE31,LAC,0,7
291,Oronde Gadsden,TE,TE32,LAC,0,7
292,Mike Gesicki,TE,TE33,CIN,0,6
293,Michael Mayer,TE,TE34,LV,0,13
294,Darnell Mooney,WR,WR103,NYG,0,8
295,Mack Hollins,WR,WR104,NE,0,11
296,Tua Tagovailoa,QB,QB32,ATL,0,11
297,Cowboys D/ST,DST,DST19,DAL,0,14
298,Colts D/ST,DST,DST20,IND,0,13
299,Vikings D/ST,DST,DST21,MIN,0,6
300,Bengals D/ST,DST,DST22,CIN,0,6
